{
  "siteName": "ArsaBorsası",
  "siteTitle": "ArsaBorsası - Türkiye'nin En Hızlı Arsa Alım Satım Platformu",
  "siteDescription": "Arsanızı hızlı, güvenilir ve şeffaf bir şekilde nakite çevirin. Türkiye genelinde arsa alım satım hizmetleri. Ücretsiz değerlendirme, aynı gün teklif.",
  "siteUrl": "https://arsaborsasi.com",
  "logo": {
    "text": "ArsaBorsası",
    "textHighlight": "Borsası",
    "icon": "landscape"
  },
  "contact": {
    "phone": "0530 344 40 97",
    "phoneFormatted": "+90 530 344 40 97",
    "phoneLink": "tel:+905303444097",
    "whatsapp": "905303444097",
    "whatsappLink": "https://wa.me/905303444097",
    "email": "info@arsaborsasi.com",
    "emailLink": "mailto:info@arsaborsasi.com",
    "address": {
      "full": "Maslak Mah. Büyükdere Cad. No:123, Plaza 4, Kat:5, Sarıyer/İstanbul",
      "short": "Maslak, Sarıyer/İstanbul",
      "district": "Maslak",
      "city": "İstanbul",
      "country": "Türkiye"
    },
    "workingHours": "Hafta içi 09:00 - 18:00"
  },
  "social": {
    "facebook": "https://facebook.com/arsaborsasi",
    "instagram": "https://instagram.com/arsaborsasi",
    "twitter": "https://twitter.com/arsaborsasi",
    "linkedin": "https://linkedin.com/company/arsaborsasi",
    "youtube": "https://youtube.com/@arsaborsasi"
  },
  "seo": {
    "keywords": [
      "arsa satış",
      "arsa sat",
      "arsa al",
      "arsa alan yerler",
      "hızlı arsa satışı",
      "arsa değerlendirme",
      "arsa fiyatı",
      "arsa alım",
      "arsa nakite çevir",
      "arsa satmak istiyorum",
      "arsami satmak istiyorum",
      "arsa satın al",
      "arazi satış",
      "tarla satış",
      "imarlı arsa",
      "konut imarlı arsa",
      "ticari imarlı arsa",
      "villa imarlı arsa",
      "turizm imarlı arsa"
    ],
    "ogImage": "/images/og-image.jpg",
    "twitterHandle": "@arsaborsasi"
  },
  "analytics": {
    "googleAnalyticsId": "G-XXXXXXXXXX",
    "googleAdsId": "AW-XXXXXXXXXX",
    "googleAdsConversionLabel": "XXXXXXXXXX",
    "facebookPixelId": "XXXXXXXXXX"
  },
  "legal": {
    "companyName": "ArsaBorsası Gayrimenkul A.Ş.",
    "taxNumber": "XXXXXXXXXX",
    "registrationNumber": "XXXXXXXXXX"
  }
}
